Contract ID,Contract/Sales Order Number,NAME,SOURCE,Contract Location Code,Contract Location,ERP Customer Number,ERP Customer Name,Industry,TYPE,STATUS,Workday Number
"ORACLE-STD01-FLSmidth (Beijing) Ltd.,-6100004512-2020-S",6100004512,6100004512,38 - Oracle China,Beijing,Beijing,15871,??????????????,,,CLOSED,
"ORACLE-STD01-FLSmidth (Beijing) Ltd.,-6100004562-2020-S",6100004562,6100004562,38 - Oracle China,Beijing,Beijing,7634,??????????????,,,CLOSED,
"ORACLE-STD01-FLSmidth (Beijing) Ltd.,-6100004519-2020-S",6100004519,6100004519,38 - Oracle China,Beijing,Beijing,12251,??????????????,,,CLOSED,
"ORACLE-STD01-FLSmidth (Beijing) Ltd.,-6100004738-2021-S",6100004738,6100004738,38 - Oracle China,Beijing,Beijing,5011,????????????,,,CLOSED,
"ORACLE-STD01-FLSmidth (Beijing) Ltd.,-6100004574-2020-S",6100004574,6100004574,38 - Oracle China,Beijing,Beijing,15931,??????????? ????,,,CLOSED,
"ORACLE-STD01-FLSmidth (Beijing) Ltd.,-6100004512-2020-S",6100004512,6100004512,38 - Oracle China,Beijing,Beijing,15871,??????????????,,,CLOSED,
