Supplier ID,Name,Source,D Number,Supplier Number,Site Code,Group,Relationship Start Date,Supplier Status.Caption,City,Street Address,Postal Code,Country.Name,Supplier Region,Website,Phone No,Fax No.,CREATION_DATE
33 - OracleR12--HOME-138799,"Pervez, Hifsa(138799-HOME)","33 - OracleR12 SLC, Denmark,Bethlehem, India",,138799-HOME,,,,,,,,,,,,,20211011 000000
33 - OracleR12--ARAK01-34247,FLSMIDTH PRIVATE LIMITED(34247-ARAK01),"33 - OracleR12 SLC, Denmark,Bethlehem, India",,34247-ARAK01,,,,,,,,,,,,,20110113 000000
33 - OracleR12--BALL00-102133,DESCOM A/S(102133-BALL00),"33 - OracleR12 SLC, Denmark,Bethlehem, India",,102133-BALL00,,,,,,,,,,,,,20120423 000000
33 - OracleR12--OFFICE-138811,"Prakash, Shyam(138811-OFFICE)","33 - OracleR12 SLC, Denmark,Bethlehem, India",,138811-OFFICE,,,,,,,,,,,,,20220512 000000
33 - OracleR12--HOME-138812,"Carlsen, Soren(138812-HOME)","33 - OracleR12 SLC, Denmark,Bethlehem, India",,138812-HOME,,,,,,,,,,,,,20220512 000000
